open, address, suburb, ogc_fid, state, postcode, site_name
"8:30:00","430 Wilson Street","Albury",1,"NSW","2640","Albury"
"8:30:00","307 Ross River Road","Aitkenvale",2,"QLD","4814","Townsville Jobseekers"
"8:30:00","15 Peels Place","Albany",3,"WA","6330","Albany"
"8:30:00","5 Railway Terrace","Alice Springs",4,"NT","870","Alice Springs"
"8:30:00","4 Elder Street","Alice Springs",5,"NT","870","Tangentyere"
"8:30:00","40-42 William Street","Armadale",6,"WA","6112","Armadale (WA)"
"8:30:00","45-47 King Street","Ararat",7,"VIC","3377","Ararat"
"8:30:00","Level 5, Robina Town Centre, 19-33 Robina Town Centre Drive","Robina",8,"QLD","4230","Seniors & Carers Robina"
"8:30:00","246-248 Beardy Street","Armidale",9,"NSW","2350","Armidale (NSW)"
"8:30:00","3 Cook Street","Atherton",10,"QLD","4883","Atherton"
"8:30:00","5-9 Macquarie Road","Auburn",11,"NSW","2144","Auburn"
"8:30:00","100 MacMillan Street","Ayr",12,"QLD","4807","Ayr"
"8:30:00","4-12 Albert Street","Ballarat",13,"VIC","3350","Ballarat"
"8:30:00","2-14 Meredith Street","Bankstown",14,"NSW","2200","Bankstown"
"8:30:00","7 Seven Hills Road","Baulkham Hills",15,"NSW","2153","Baulkham Hills"
"8:30:00","26 Woongarra Street","Bundaberg",16,"QLD","4670","Bundaberg"
"8:30:00","33 William Street","Beaudesert",17,"QLD","4285","Beaudesert"
"8:30:00","Stockyard Lane","Beenleigh",18,"QLD","4207","Beenleigh"
"8:30:00","49-61 Church Street","Bega",19,"NSW","2550","Bega"
"8:30:00","231-245 Lyttleton Terrace","Bendigo",20,"VIC","3550","Bendigo"
"8:30:00","5 Riverview Drive","Berri",21,"SA","5343","Berri"
"8:30:00","166-168 Russell Street","Bathurst",22,"NSW","2795","Bathurst"
"8:30:00","23 Marine Terrace","Burnie",23,"TAS","7320","Burnie"
"8:30:00","95 Brisbane Road","Biggera Waters",24,"QLD","4216","Biggera Waters"
"8:30:00","49 Grevillea Street","Biloela",25,"QLD","4715","Biloela"
"8:30:00","180 Beryl Street","Broken Hill",26,"NSW","2880","Broken Hill"
"8:30:00","8 First Avenue (ground floor)","Blacktown",27,"NSW","2148","Blacktown"
"8:30:00","Level 1, Northpoint Plaza, 8 Chandler Street","Belconnen",28,"ACT","2617","Belconnen"
"8:30:00","1657-1661 Burwood Highway","Belgrave",29,"VIC","3160","Belgrave"
"8:30:00","117-121 Tamar Street","Ballina",30,"NSW","2478","Ballina"
"8:30:00","3 Flora Crescent","Batemans Bay",31,"NSW","2536","Batemans Bay"
"8:00:00","14 Napier Terrace","Broome",32,"WA","6725","Broome"
"8:30:00","19-23 Hollywood Avenue","Bondi Junction",33,"NSW","2022","Bondi Junction"
"8:30:00","3 William Street","Boronia",34,"VIC","3155","Boronia"
"8:30:00","53 George Street","Bowen",35,"QLD","4805","Bowen"
null,"Lot 293 Ngukurr Community","Ngukurr",356,"NT","852","Ngukurr"
"8:30:00","60-62 MacLeod Street","Bairnsdale",36,"VIC","3875","Bairnsdale"
"8:30:00","16 Richard Street","Bourke",37,"NSW","2840","Bourke"
"8:30:00","38 Wingecarribee Street","Bowral",38,"NSW","2576","Bowral"
"8:30:00","3 Fingal Street","Brunswick Heads",39,"NSW","2483","Brunswick Heads"
"8:30:00","75-87 Grand Plaza Drive","Browns Plains",40,"QLD","4118","Browns Plains"
"8:30:00","172-186 Moreland Road (ground floor)","Brunswick",41,"VIC","3056","Moreland"
"8:00:00","65 Duchess Street","Busselton",42,"WA","6280","Busselton"
"8:30:00","56 Railway Parade","Burwood",43,"NSW","2134","Burwood"
"8:30:00","54-56 Wittenoom Street","Bunbury",44,"WA","6230","Bunbury"
"8:30:00","2 Gordons Hill Road","Rosny Park",45,"TAS","7018","Rosny Park"
"8:30:00","3-13 Harrow Street","Box Hill",46,"VIC","3128","Box Hill"
"8:30:00","50 Bradshaw Terrace","Casuarina",47,"NT","810","Casuarina"
"8:30:00","251-257 Cabramatta Road","Cabramatta",48,"NSW","2166","Cabramatta"
"8:30:00","16-22 Murray Street","Camden",49,"NSW","2570","Camden"
"8:30:00","1290-1298 Albany Highway","Cannington",50,"WA","6107","Cannington"
"8:30:00","42 Redland Bay Road","Capalaba",51,"QLD","4157","Capalaba"
"8:30:00","15-21 President Avenue","Caringbah",52,"NSW","2229","Caringbah"
"8:30:00","46 Hickey Street","Casino",53,"NSW","2470","Casino"
"8:30:00","13 Lonsdale Street","Braddon",54,"ACT","2612","Braddon"
"8:30:00","22B East Terrace (co-located in PM&C premises)","Ceduna",55,"SA","5690","Ceduna"
"8:30:00","186-194 Vincent Street","Cessnock",56,"NSW","2325","Cessnock"
"8:30:00","21-25 Duke Street","Coffs Harbour",57,"NSW","2450","Coffs Harbour"
"8:30:00","331 Charlestown Road (Level 1)","Charlestown",58,"NSW","2290","Charlestown"
"8:30:00","18 Banfield Street","Chermside",59,"QLD","4032","Chermside"
"8:30:00","1242a Nepean Highway","Cheltenham",60,"VIC","3192","Cheltenham"
"8:30:00","31 Hodgkinson Street","Charters Towers",61,"QLD","4820","Charters Towers"
"8:30:00","78-80 Edward Street","Charleville",62,"QLD","4470","Charleville"
"8:30:00","54 Canberra Terrace","Caloundra",63,"QLD","4551","Caloundra"
"8:30:00","159 Bloomfield Street","Cleveland",64,"QLD","4163","Cleveland"
"8:30:00","65 Massie Street","Cooma",65,"NSW","2630","Cooma"
"8:30:00","8-10 Browne Street","Campbelltown",66,"NSW","2560","Campbelltown"
"8:30:00","23 Aplin Street","Cairns",67,"QLD","4870","Cairns Jobseekers"
"8:30:00","108 Bromfield Street","Colac",68,"VIC","3250","Colac"
"8:30:00","Lot 715 Hutchinson Street","Coober Pedy",69,"SA","5723","Coober Pedy"
"8:30:00","Corner Collins and Underwood Street","Corrimal",70,"NSW","2518","Corrimal"
"8:30:00","7-9 Codrington Street","Cranbourne",71,"VIC","3977","Cranbourne"
"8:30:00","104 Grafton Street","Cairns",72,"QLD","4870","Seniors & Carers Cairns"
"8:30:00","8 Regency Road","Kilkenny",73,"SA","5009","Kilkenny"
"8:30:00","19-21 Anglo Road","Campsie",74,"NSW","2194","Campsie"
"8:30:00","56-64 Archer Street","Chatswood",75,"NSW","2067","Chatswood"
"8:30:00","224 Shute Harbour Road","Cannonvale",76,"QLD","4802","Whitsunday"
"8:00:00","76 Robinson Street","Carnarvon",77,"WA","6701","Carnarvon"
"8:30:00","93-95 Brisbane Street","Cowra",78,"NSW","2794","Cowra"
"8:30:00","27-29 Robinson Street","Dandenong",79,"VIC","3175","Dandenong"
"8:30:00","41-43 Baan Baan Street","Dapto",80,"NSW","2530","Dapto"
"8:30:00","137-153 Crown Street","Darlinghurst",81,"NSW","2010","Darlinghurst"
"8:30:00","Deception Bay Shopping Centre, Corner Maine Terrace and Bay Avenue","Deception Bay",82,"QLD","4508","Deception Bay"
"8:30:00","251 Murray Street","Preston",83,"VIC","3072","Darebin"
"8:30:00","64 Wingewarra Street","Dubbo",84,"NSW","2830","Dubbo"
"8:30:00","34-36 Patrick Street","Dalby",85,"QLD","4405","Dalby"
"8:00:00","44 Clarendon Street","Derby",86,"WA","6728","Derby"
"8:30:00","324-332 Cressy Street","Deniliquin",87,"NSW","2710","Deniliquin"
"8:30:00","167 William Street","Devonport",88,"TAS","7310","Devonport"
"8:30:00","480 Mulgrave Road","Earlville",89,"QLD","4870","Cairns Earlville"
"8:30:00","69 Heygarth Street","Echuca",90,"VIC","3564","Echuca"
"8:30:00","10 Langford Drive","Elizabeth",91,"SA","5112","Elizabeth"
"8:30:00","21 Egerton Street","Emerald",92,"QLD","4720","Emerald"
"8:30:00","298-302 Main North Road","Prospect",93,"SA","5082","Enfield"
"8:30:00","16-18 Fairview Avenue","The Entrance",94,"NSW","2261","The Entrance"
"8:30:00","58 The Esplanade","Esperance",95,"WA","6450","Esperance"
"8:30:00","241 Ocean View Road","Ettalong",96,"NSW","2257","Ettalong"
"8:30:00","29-33 Barbara Street","Fairfield",97,"NSW","2165","Fairfield"
"8:30:00","71-73 Webb Street","Narre Warren",98,"VIC","3805","Fountain Gate"
"8:30:00","75 Moore Street","Footscray",99,"VIC","3011","Footscray"
"8:30:00","435 St Pauls Terrace","Fortitude Valley",100,"QLD","4006","Fortitude Valley"
"8:30:00","116 Manning Street","Tuncurry",101,"NSW","2428","Tuncurry"
"8:30:00","11 Queen Victoria St","Fremantle",102,"WA","6160","Fremantle"
"8:30:00","23 High Street","Gawler",103,"SA","5118","Gawler"
"8:30:00","1 William Street","Goodna",104,"QLD","4300","Goodna"
"8:30:00","31 Marshall Street","Goondiwindi",105,"QLD","4390","Goondiwindi"
"8:30:00","12-14 Little Ryrie Street","Geelong",106,"VIC","3220","Geelong"
"8:30:00","Corner Forrest Street and Chapman Road","Geraldton",107,"WA","6530","Geraldton"
"8:30:00","95-97 Yambil Street","Griffith",108,"NSW","2680","Griffith"
"8:30:00","4-8 King Street","Grafton",109,"NSW","2460","Grafton"
"8:30:00","164-170 Goondoon Street","Gladstone",110,"QLD","4680","Gladstone"
"8:30:00","455 Main Rd","Glenorchy",111,"TAS","7010","Glenorchy"
"8:30:00","16-22 Pearcedale Parade","Broadmeadows",112,"VIC","3047","Broadmeadows"
"8:30:00","156-158 Jetty Road","Glenelg",113,"SA","5045","Glenelg"
"9:00:00","300 Grey Street","Glen Innes",114,"NSW","2370","Glen Innes"
"8:30:00","7 Bogong Avenue","Glen Waverley",115,"VIC","3150","Glen Waverley"
"8:30:00","Gungahlin Marketplace 33 Hibberson Street","Gungahlin",116,"ACT","2912","Gungahlin"
"8:30:00","94 Lissiman Street","Gosnells",117,"WA","6110","Gosnells"
null,"9 Watt Street","Gosford",118,"NSW","2250","Gosford"
null,"136 Auburn Street","Goulburn",119,"NSW","2580","Goulburn"
"8:30:00","16-20 Grimshaw Street","Greensborough",120,"VIC","3088","Greensborough"
"9:00:00","34 Chandos Street","Gunnedah",121,"NSW","2380","Gunnedah"
"8:30:00","27 OConnell Street","Gympie",122,"QLD","4570","Gympie"
"8:30:00","125 High Street","Hastings",123,"VIC","3915","Hastings"
"8:30:00","30-38 Barrack Street","Hobart",124,"TAS","7000","Hobart"
"8:30:00","21 Yarra Street","Heidelberg",125,"VIC","3084","Heidelberg"
"8:30:00","6 Hunter St","Pialba",126,"QLD","4655","Hervey Bay"
"8:30:00","258 Gray Street","Hamilton",127,"VIC","3300","Hamilton"
"8:30:00","135-137 Pacific Highway","Hornsby",128,"NSW","2077","Hornsby"
"8:30:00","Corner Darlot and McLachlan Streets","Horsham",129,"VIC","3400","Horsham"
"8:30:00","420 and 430 Forest Road","Hurstville",130,"NSW","2220","Hurstville"
"9:00:00","1 Skinner Drive","Huonville",131,"TAS","7109","Huonville"
"8:30:00","72 Ernest Street","Innisfail",132,"QLD","4860","Innisfail"
"8:30:00","27-31 Carlisle Street","Ingleburn",133,"NSW","2565","Ingleburn"
"8:30:00","14 Wirraway Parade","Inala",134,"QLD","4077","Inala"
"8:30:00","48 Herbert Street","Ingham",135,"QLD","4850","Ingham"
"8:30:00","40 Hasler Road, Osborne Park","Innaloo",136,"WA","6018","Innaloo"
"8:30:00","158 Otho Street","Inverell",137,"NSW","2360","Inverell"
"8:30:00","78 East Street","Ipswich",138,"QLD","4305","Ipswich"
"8:30:00","30-32 West Street","Mt Isa",139,"QLD","4825","Mt Isa"
"8:30:00","68 Reid Promenade","Joondalup",140,"WA","6027","Joondalup"
"8:30:00","22-24 Taylor Street","Kadina",141,"SA","5554","Kadina"
"8:30:00","33-35 Waratah Street","Katoomba",142,"NSW","2780","Katoomba"
"8:30:00","Ground Floor, 24 Knuckey Street","Darwin",143,"NT","800","Darwin"
"8:30:00","Corner Egan and Porter Street","Kalgoorlie",144,"WA","6430","Kalgoorlie"
"8:30:00","21 Markwell Street","Kingaroy",145,"QLD","4610","Kingaroy"
"8:30:00","68-70 Elbow Street","West Kempsey",146,"NSW","2440","Kempsey"
"8:00:00","14 De Grey Place","Karratha",147,"WA","6714","Karratha"
"8:30:00","4 Second Street","Katherine",148,"NT","850","Katherine"
"8:00:00","77 Konkerberry Drive","Kununurra",149,"WA","6743","Kununurra"
"9:00:00","174-176 Barton Street","Kurri Kurri",150,"NSW","2327","Kurri Kurri"
"8:30:00","113 Point Cartwright Drive","Buddina",151,"QLD","4575","Kawana Waters"
"8:30:00","Shop 10, 560 High Street ","Epping",152,"VIC","3076","Epping"
"8:30:00","Shops 10 & 11, Leeton Market Plaza, 1 Acacia Ave","Leeton",153,"NSW","2705","Leeton"
"8:30:00","Corner Anderson and Chapel Street","Lilydale",154,"VIC","3140","Lilydale"
"8:30:00","176 Mort Street","Lithgow",155,"NSW","2790","Lithgow"
"8:30:00","211-231 Northumberland Street (ground floor)","Liverpool",156,"NSW","2170","Liverpool"
"8:30:00","3 Forrow Drive","Lake Haven",157,"NSW","2263","Lake Haven"
"8:30:00","96 Galah Street","Longreach",158,"QLD","4730","Longreach"
"8:30:00","8 Boland Street","Launceston",159,"TAS","7250","Launceston"
"8:30:00","47 Conway Street","Lismore",160,"NSW","2480","Lismore"
"8:30:00","8 Warracowie Way","Oaklands Park",161,"SA","5046","Marion"
"8:30:00","188-194 Maitland Road","Mayfield",162,"NSW","2304","Mayfield"
"8:30:00","30 Stephen Street","Mt Barker",163,"SA","5251","Mt Barker"
"8:30:00","207 Lennox Street","Maryborough",164,"QLD","4650","Maryborough"
"8:30:00","5 Maud Street","Maroochydore",165,"QLD","4558","Maroochydore"
"8:30:00","24-26 Tuckey Street","Mandurah",166,"WA","6210","Mandurah"
"8:30:00","Lot 72 Byron Place","Mudgee",167,"NSW","2850","Mudgee"
"8:30:00","3 Mount Street","Mt Druitt",168,"NSW","2770","Mt Druitt"
"8:30:00","Woodgrove Shopping Centre Barries Road","Melton",169,"VIC","3337","Melton"
"8:30:00","207-209 Pitt Street","Merrylands",170,"NSW","2160","Merrylands"
"8:30:00","5 Percy Street","Mt Gambier",171,"SA","5290","Mt Gambier"
"8:30:00","57 Sanders Street","Upper Mt Gravatt",172,"QLD","4122","Upper Mt Gravatt"
"8:30:00","15 Keane Street","Midland",173,"WA","6056","Midland"
"8:30:00","24 Chesterfield Road","Mirrabooka",174,"WA","6061","Mirrabooka"
"8:30:00","55 Osborne Road","Mitchelton",175,"QLD","4053","Mitchelton"
"8:30:00","12 Greenfields Boulevard","Mackay",176,"QLD","4740","Mackay"
"8:30:00","100 Blundell Boulevard","Tweed Heads",177,"NSW","2486","Tweed Heads"
"8:30:00","96 Reservoir Road","Modbury",178,"SA","5092","Modbury"
"8:30:00","Shop 79, Westfield Shoppingtown, 29-35 Louis Street","Airport West",179,"VIC","3042","Airport West"
"8:30:00","332 Main Street","Mornington",180,"VIC","3931","Mornington"
"8:30:00","23 Front Street","Mossman",181,"QLD","4873","Mossman"
"8:30:00","112-124 Deakin Avenue","Mildura",182,"VIC","3500","Mildura"
"8:30:00","136-138 Maroubra Road","Maroubra",183,"NSW","2035","Maroubra"
"8:30:00","228 Byrnes Street","Mareeba",184,"QLD","4880","Mareeba"
"8:30:00","38 Rudloc Road","Morley",185,"WA","6062","Morley"
"8:30:00","314-316 Marrickville Road","Marrickville",186,"NSW","2204","Marrickville"
"8:30:00","Corner Chapel and Elgin Street","Morwell",187,"VIC","3840","Morwell"
"8:30:00","11 Auburn Street","Moree",188,"NSW","2400","Moree"
"9:00:00","164-166 Bridge Street","Muswellbrook",189,"NSW","2333","Muswellbrook"
"8:30:00","226 High Street","Maitland",190,"NSW","2320","Maitland"
"8:30:00","8-12 Bridge Street","Murray Bridge",191,"SA","5253","Murray Bridge"
"8:30:00","107-113 Wollumbin Street","Murwillumbah",192,"NSW","2484","Murwillumbah"
"8:30:00","16 Campbell Street","Maryborough",193,"VIC","3465","Maryborough"
"8:30:00","Corner Currie and Maud Street","Nambour",194,"QLD","4560","Nambour"
"8:30:00","9 Doyle Street","Narrabri",195,"NSW","2390","Narrabri"
"8:30:00","13 Bowra Street","Nambucca Heads",196,"NSW","2448","Nambucca Heads"
"8:30:00","18-20 Yacaaba Street","Nelson Bay",197,"NSW","2315","Nelson Bay"
"8:30:00","37-39 Cotton Street","Nerang",198,"QLD","4211","Nerang"
"8:30:00","Corio Village Shopping Centre Purnell Road","Corio",199,"VIC","3214","Corio"
"8:30:00","89 Fitzgerald Street","Northam",200,"WA","6401","Northam"
"8:30:00","482-490 Racecourse Road","Flemington",201,"VIC","3031","Newmarket"
"8:30:00","9 Alexander Kelly Drive","Noarlunga",202,"SA","5168","Noarlunga"
"8:30:00","28 Eenie Creek Road","Noosaville",203,"QLD","4566","Noosa"
"8:30:00","49 Edward Street","Norwood",204,"SA","5067","Norwood"
"8:30:00","4 Lawrence Avenue","Nowra",205,"NSW","2541","Nowra"
"8:30:00","433-439 Melbourne Road","Newport",206,"VIC","3015","Newport"
"8:30:00","Shop 34 & 35, Narooma Plaza, 185 Princes Highway","Narooma",207,"NSW","2546","Narooma"
"8:30:00","275-279 King Street","Newcastle West",208,"NSW","2300","Newcastle"
"8:30:00","35 Old Croydon Road","Normanton",209,"QLD","4890","Normanton"
"8:30:00","6 Chesterfield Court","Nhulunbuy",210,"NT","880","Nhulunbuy"
"8:30:00","1283-1285 Sandgate Road","Nundah",211,"QLD","4012","Nundah"
null,"179 Day Ave","Omeo",451,"VIC","3898","Omeo"
"8:30:00","88 Atherton Road","Oakleigh",212,"VIC","3166","Oakleigh"
"8:30:00","189-191 Anson Street","Orange",213,"NSW","2800","Orange"
"8:30:00","72 Lipson Street","Port Adelaide",214,"SA","5015","Port Adelaide"
"8:30:00","2 Maluka Street","Palmerston",215,"NT","830","Palmerston"
"8:30:00","2-12 Macquarie Street","Parramatta",216,"NSW","2150","Parramatta"
"8:30:00","1085-1087 Gold Coast Highway","Palm Beach",217,"QLD","4221","Palm Beach"
"8:30:00","598 High Street (Corner Worth Street)","Penrith",218,"NSW","2750","Penrith"
"8:30:00","23 Balmain Road","Leichhardt",219,"NSW","2040","Leichhardt"
"8:30:00","25 Treloar Lane","Pakenham",220,"VIC","3810","Pakenham"
"8:30:00","57-59 Currajong Street","Parkes",221,"NSW","2870","Parkes"
"8:30:00","8 Edinburgh Street","Port Lincoln",222,"SA","5606","Port Lincoln"
"8:30:00","20 Davey Street","Frankston",223,"VIC","3199","Frankston"
"8:30:00","8-10 Gawler Street","Portland",224,"VIC","3305","Portland"
"8:30:00","53 Gertrude Street","Port Pirie",225,"SA","5540","Port Pirie"
"8:30:00","5-7 Short Street","Port Macquarie",226,"NSW","2444","Port Macquarie"
"8:30:00","21-23 Mackay Street","Port Augusta",227,"SA","5700","Port Augusta"
"8:30:00","183 Crawford Street","Queanbeyan",228,"NSW","2620","Queanbeyan"
"8:30:00","37-39 Sturgeon Street","Raymond Terrace",229,"NSW","2324","Raymond Terrace"
"8:30:00","18 Civic Boulevarde","Rockingham",230,"WA","6168","Rockingham"
"8:30:00","279-287 Oxley Avenue","Margate",231,"QLD","4019","Margate"
"8:30:00","20-22 George Street","Caboolture",232,"QLD","4510","Caboolture"
"8:30:00","140 Redfern Street","Redfern",233,"NSW","2016","Redfern"
"9:00:00","Shop GR76, Rouse Hill Town Centre, 10-14 Market Lane","Rouse Hill",234,"NSW","2155","Rouse Hill"
"8:30:00","2-6 Bond Street","Ringwood",235,"VIC","3134","Ringwood"
"8:30:00","75 Railway Street","Rockdale",236,"NSW","2216","Rockdale"
"8:30:00","190-194 Musgrave Street","Rockhampton",237,"QLD","4700","Rockhampton"
"8:30:00","3 Jetty Road","Rosebud",238,"VIC","3939","Rosebud"
"8:30:00","5 Fulham Road","Rowville",239,"VIC","3178","Rowville"
"8:30:00","150-154 York Street","Sale",240,"VIC","3850","Sale"
"8:30:00","36 Annerley Road","Brisbane",241,"QLD","4102","South Brisbane"
"8:30:00","33-37 Evans Street","Sunbury",242,"VIC","3429","Sunbury"
"8:30:00","8 Henry Street","Seymour",243,"VIC","3660","Seymour"
"8:00:00","3 Brand Street","South Hedland",244,"WA","6722","South Hedland"
"8:30:00","296-298 Maude Street","Shepparton",245,"VIC","3630","Shepparton"
"9:00:00","6 William Street","Singleton",246,"NSW","2330","Singleton"
"8:30:00","32-38 Gawler Street","Salisbury",247,"SA","5108","Salisbury"
"8:30:00","94 York Street","South Melbourne",248,"VIC","3205","South Melbourne"
"8:30:00","Shops 77 / 77a, Smithfield Shopping Centre, Corner Kennedy and Cook Highways","Smithfield",249,"QLD","4878","Smithfield (Shopfront)"
"8:30:00","242 Gympie Road","Strathpine",250,"QLD","4500","Strathpine"
"8:30:00","107-109 Macquarie Road","Springwood",251,"NSW","2777","Springwood"
"8:30:00","5-15 Suter Street","Southport",252,"QLD","4215","Southport"
"8:30:00","324-334 Springvale Road","Springvale",253,"VIC","3171","Springvale"
"9:00:00","Service Tasmania, Shop 3, 5 Fitzroy Street","Sorell",254,"TAS","7172","Sorell"
"8:30:00","Ground Floor, 399 Melton Highway","Taylors Lakes",255,"VIC","3038","Watergardens"
"8:30:00","47 Phillip Street","St Marys",256,"NSW","2760","St Marys"
"8:30:00","10 Corundum Street","Stanthorpe",257,"QLD","4380","Stanthorpe"
"8:30:00","Corner Logan Road and Cornwall Street","Stones Corner",258,"QLD","4120","Stones Corner"
"8:30:00","27 Church Street","Stawell",259,"VIC","3380","Stawell"
"8:30:00","103 Harvester Road","Sunshine",260,"VIC","3020","Sunshine"
"8:30:00","36 Eton Street","Sutherland",261,"NSW","2232","Sutherland"
"8:30:00","221-227 Beveridge Street","Swan Hill",262,"VIC","3585","Swan Hill"
"8:30:00","Unit 7, 11 Wentworth Parade","Success",263,"WA","6164","Success"
"8:30:00","184-188 Victoria Street","Taree",264,"NSW","2430","Taree"
"8:30:00","219-223 Peel Street","Tamworth",265,"NSW","2340","Tamworth"
"8:30:00","77 Paterson Street","Tennant Creek",266,"NT","862","Tennant Creek"
"8:30:00","Lot 260 Main Street","Palm Island",267,"QLD","4816","Palm Island"
"8:30:00","2-6 Donnelly Avenue","Toronto",268,"NSW","2283","Toronto"
"8:30:00","132-136 Henley Beach Road","Torrensville",269,"SA","5031","Torrensville"
"8:30:00","Corner Hastings Street and Victoria Parade","Thursday Island",270,"QLD","4875","Thursday Island"
"8:30:00","Units 1 and 2, Tuggeranong Square, Corner Anketell and Sheering Streets","Tuggeranong",271,"ACT","2900","Tuggeranong"
"8:30:00","Corner Merivale and Russell Streets","Tumut",272,"NSW","2720","Tumut"
"8:30:00","12-20 Bell Street (ground floor)","Toowoomba",273,"QLD","4350","Toowoomba"
"8:30:00","17-19 Lissner Street","Toowong",274,"QLD","4066","Toowong"
"8:30:00","270-272 Green Street","Ulladulla",275,"NSW","2539","Ulladulla"
"8:30:00","90 Victoria Street","Victor Harbor",276,"SA","5211","Victor Harbor"
"8:30:00","117-121 Shepperton Road","Victoria Park",277,"WA","6100","Victoria Park"
"8:30:00","Corner Fox and Euroka Street","Walgett",278,"NSW","2832","Walgett"
"8:30:00","23-25 Faithful Street","Wangaratta",279,"VIC","3677","Wangaratta"
"8:30:00","Shop G2 and OA22, Shellharbour Square Shopping Centre, Lake Entrance Road","Shellharbour",280,"NSW","2529","Shellharbour"
"8:30:00","Building C, Ground Floor, Penrhyn House, 2-6 Bowes Street","Woden",281,"ACT","2606","Woden"
"8:30:00","21 Station Street","Woodridge",282,"QLD","4114","Woodridge"
"8:30:00","89-91 Synnot Street","Werribee",283,"VIC","3030","Werribee"
"8:30:00","19-27 Devlin Street","Ryde",284,"NSW","2112","Ryde"
"8:30:00","63 Tompson Street","Wagga Wagga",285,"NSW","2650","Wagga Wagga"
"8:30:00","42 Queen Street","Warragul",286,"VIC","3820","Warragul"
"8:30:00","87 Ellersdale Avenue","Warwick",287,"WA","6024","Warwick Grove"
"8:30:00","169 Nicholson Avenue","Whyalla Norrie",288,"SA","5608","Whyalla"
"8:30:00","Corner Kern Brothers Drive and Hervey Range Road","Thuringowa",289,"QLD","4817","Seniors & Carers Townsville"
"8:30:00","309-311 George Street","Windsor",290,"NSW","2756","Hawkesbury"
"8:30:00","43 Burelli Street, ground and level 1","Wollongong",291,"NSW","2500","Wollongong"
"8:30:00","70 Robert Street","Wallsend",292,"NSW","2287","Wallsend"
"8:30:00","109 Lava Street","Warrnambool",293,"VIC","3280","Warrnambool"
"8:30:00","87-89 Blackwall Road","Woy Woy",294,"NSW","2256","Woy Woy"
"8:30:00","255 High Street","Prahran",295,"VIC","3181","Windsor"
"8:30:00","2 Biggs Drive","Wonthaggi",296,"VIC","3995","Wonthaggi"
"8:30:00","37-39 Albion Street","Warwick",297,"QLD","4370","Warwick"
"8:30:00","25-27 Hely Street","Wyong",298,"NSW","2259","Wyong"
"8:30:00","89 Tingal Road","Wynnum",299,"QLD","4178","Wynnum"
"8:30:00","Shop 39, Yamba Shopping Fair, 1-3 Treelands Drive","Yamba",300,"NSW","2464","Yamba"
"8:30:00","617-619 Victoria Street","Abbotsford",301,"VIC","3067","Yarra"
"9:00:00","Service Tasmania, Channel Court, Shop 87A, 29 Channel Highway","Kingston",302,"TAS","7050","Kingston"
"8:30:00","527 Riversdale Road","Camberwell",303,"VIC","3124","Camberwell"
"8:30:00","660-664 Pittwater Road","Brookvale",304,"NSW","2100","Northern Beaches"
"9:00:00","28 Green point Road","Bridgewater",305,"TAS","7030","Bridgewater"
"9:30:00","13 Fisher Street","Cherbourg",306,"QLD","4605","Cherbourg"
"8:30:00","20 Arthur Street","Yeppoon",307,"QLD","4703","Yeppoon"
"9:00:00","130 Lovell Street","Young",308,"NSW","2594","Young"
"8:30:00","204 Comur Street","Yass",309,"NSW","2582","Yass"
"8:30:00","Lot 403A Angurugu","Angurugu",310,"NT","822","Groote Eylandt"
"8:30:00","337 Robinson Road","Borroloola",311,"NT","854","Borroloola"
"8:30:00","Unit 6, Tarunda Shopping Centre, 21 Forrest Road","Fitzroy Crossing",312,"WA","6765","Fitzroy Crossing"
"8:30:00","Lot 263 Rarrapul Street","Galiwinku",313,"NT","822","Galiwinku"
null,"Lot 58, Hermannsburg Community","Hermannsburg",314,"NT","872","Hermannsburg"
null,"8 Duncan Road","Halls Creek",315,"WA","6770","Halls Creek"
"8:30:00","Lot 498 Laver Place","Laverton",316,"WA","6440","Laverton"
null,"69 Main Street","Meekatharra",317,"WA","6642","Meekatharra"
"8:30:00","Lot 915 Maningrida Community","Maningrida",318,"NT","822","Maningrida"
"8:00:00","Unit 18, 26 Rogers Place","Newman",319,"WA","6753","Newman"
"8:30:00","7 Adidi Street","Bamaga",320,"QLD","4876","Northern Peninsula Area"
null,"MacDonnell Regional Council, Lot 224 Papunya Rd","Papunya Community",321,"NT","872","Papunya"
null,"Lot 321, Santa Teresa Community, Alice Road","Santa Teresa",322,"NT","872","Santa Teresa"
null,"Rural Transaction Centre, Lot 397 Kerinauia Highway","Bathurst Island",323,"NT","822","Tiwi Islands"
null,"62 Perdjert Street","Wadeye",324,"NT","822","Wadeye"
null,"Corner Commercial Avenue and Kerr Point Drive","Weipa",325,"QLD","4874","Western Cape"
"8:30:00","Corner Conniston Road and Park Street","Yuendumu",326,"NT","872","Yuendumu"
"8:30:00","Shop 4, 5 & 6, Yarrabah Community Shopping Centre","Yarrabah",327,"QLD","4871","Yarrabah"
"8:30:00","Cnr Albert & Turbot St","Brisbane",328,"QLD","4000","myGov - Brisbane"
"8:30:00","32 Martin Place","Sydney",329,"NSW","2000","myGov - Sydney"
"8:30:00","88 Grenfell St","Adelaide",330,"SA","5000","myGov - Adelaide"
"8:30:00","770 Hay St","Perth",331,"WA","6000","myGov - Perth"
"8:30:00","430 Wilson Street","Albury",332,"NSW","2640","myGov - Albury"
null,"13 Umbarra Road","Wallaga Lake",333,"NSW","2546","Wallaga Lake"
null,"Kosciusko Rd","Jindabyne",334,"NSW","2627","Jindabyne"
null,"Wreck Bay Village","Wreck Bay",335,"ACT","2540","Wreck Bay"
null,"245 Sheridan Street","Gundagai",336,"NSW","2722","Gundagai"
null,"39-51 East St","Narrandera",337,"NSW","2700","Narrandera"
null,"48 Denison Street","Crookwell",338,"NSW","2583","Crookwell"
null,"Cnr Mitchell & Mlay St","Eden",339,"NSW","2551","Eden"
null,"10 Bridge Street","Tumbarumba",340,"NSW","2653","Tumbarumba"
null,"30 Foster Street","Lake Cargelligo",341,"NSW","2672","Lake Cargelligo"
null,"23 Nyampa St","Murrin Bridge",342,"NSW","2672","Murrin Bridge"
null,"147 Main St","West Wyalong",343,"NSW","2671","West Wyalong"
null,"221-225 Hoskins Street","Temora",344,"NSW","2666","Temora"
null,"169a Parker Street","Cootamundra",345,"NSW","2590","Cootamundra"
null,"29 Belmore Street","Junee",346,"NSW","2663","Junee"
null,"5-7 Merimbula Drive","Merimbula",347,"NSW","2548","Merimbula"
null,"204-216 Lachlan Street","Hay",348,"NSW","2711","Hay"
null,"Lot 47,12 Mumu Street","Imanpa",349,"NT","872","Imanpa"
null,"Lot 61, Irrunytju Rd, Irrunytju via","Irrunytju",350,"WA","872","Irrunytju"
null,"Lot 1, Arrunge Cres., Yuelamu Community Via","Yuelamu",351,"NT","872","Yuelamu"
null,"Lot 69, Wallace Rockhole Community Via","Wallace Rockhole",352,"NT","872","Wallace Rockhole"
null,"Roper Highway","Jilkminggan",353,"NT","852","Jilkminggan"
null,"Lot 57, Ikuntji Community Via","Haasts Bluff",354,"NT","872","Haasts Bluff"
null,"Hodgson Downs Community, Minyerri","Minyerri",355,"NT","852","Minyerri"
null,"292 Commercial Road","Yarram",452,"VIC","3971","Yarram"
null,"Lot 93-95","Numbulwar",357,"NT","822","Numbulwar"
null,"Lot 5, Robinson River Community","Robinson River",358,"NT","852","Robinson River"
null,"Nauiyu Community","Nauiyu",359,"NT","822","Nauiyu"
null,"Milikapiti Community","Milikapiti",360,"NT","822","Milikapiti"
null,"Pularumpi","Pirlangimpi",361,"NT","822","Pirlangimpi"
null,"Lajamanu Community","Lajamanu",362,"NT","852","Lajamanu"
null,"279 Rouse Street","Tenterfield",363,"NSW","2372","Tenterfield"
null,"19 Barton Street","Cobar",364,"NSW","2835","Cobar"
null,"20 Miller Street","Gilgandra",365,"NSW","2827","Gilgandra"
null,"88 Pangee Street","Nyngan",366,"NSW","2825","Nyngan"
null,"57 Bathurst Street","Brewarrina",367,"NSW","2839","Brewarrina"
null,"30-32 Albury Street","Ashford",368,"NSW","2361","Ashford"
null,"8 Brenda Street","Goodooga",369,"NSW","2838","Goodooga"
null,"2 Wilson Street","Collarenebri",370,"NSW","2833","Collarenebri"
null,"35 Reid Street","Wilcannia",371,"NSW","2836","Wilcannia"
null,"51 Yartla Street","Menindee",372,"NSW","2879","Menindee"
null,"153 St George Street","Mungindi",373,"NSW","2406","Mungindi"
null,"24 Maitland Street","Bingara",374,"NSW","2404","Bingara"
null,"62-64 Menangle Street","Picton",375,"NSW","2571","Picton"
null,"77b Rose Street","Wee Waa",376,"NSW","2388","Wee Waa"
null,"Oxley Highway","Walcha",377,"NSW","2354","Walcha"
null,"Shop 5/6 4 Station Street","Quirindi",378,"NSW","2343","Quirindi"
null,"89 King Street","Gloucester",379,"NSW","2422","Gloucester"
null,"41 Hope Street","Warialda",380,"NSW","2402","Warialda"
null,"30 John Street","Coonabarabran",381,"NSW","2357","Coonabarabran"
null,"2 Namoi Street","Coonamble - Murdi Paaki",382,"NSW","2829","Coonamble - Murdi Paaki"
null,"Multi-Purpose Service, Beech Street","Dorrigo",383,"NSW","2453","Dorrigo"
null,"70 Pine Avenue","Ulong",384,"NSW","2450","Ulong"
null,"27 Alice Street","Barraba",385,"NSW","2347","Barraba"
null,"35 Beach St","Woolgoolga",386,"NSW","2456","Woolgoolga"
null,"8 Geneva Street","Kyogle",387,"NSW","2474","Kyogle"
null,"Lot 2, 12 Turner Street","Engawala",388,"NT","872","Engawala"
null,"39 Young St","Holbrook",389,"NSW","2644","Holbrook"
null,"18 William Street","Condobolin",390,"NSW","2877","Condobolin"
null,"Lot 202, Amata Community Via","Amata",391,"SA","872","Amata"
null,"6 Oak Street","Evans Head",392,"NSW","2473","Evans Head"
null,"Lot 32&69,6 Erringke St,Aputula Community","Finke",393,"NT","872","Finke"
null,"210 Manilla Street","Manilla",394,"NSW","2346","Manilla"
null,"27 Swift Street","Wellington",395,"NSW","2820","Wellington"
null,"Lot 26 Peppimenarti Community","Peppimenarti",396,"NT","822","Peppimenarti"
null,"Lot 56","Yarralin",397,"NT","852","Yarralin"
null,"86 Galpu Rd","Yirrkala",398,"NT","880","Yirrkala"
null,"Lot 36, 8 Pawu Street","Willowra",399,"NT","872","Willowra"
null,"Lot 26, Wanarn Community Via","Wanarn",400,"WA","872","Wanarn"
null,"121 Mica Road","Atitjere",401,"NT","872","Atitjere"
null,"Owairtilla Council Office, Canteen Creek","Canteen Creek",402,"NT","872","Canteen Creek"
null,"Lot 36 Papulankutja Rd","Papulankutja",403,"WA","872","Papulankutja"
null,"Lot 53 Wutunugurra Community","Wutunugurra",404,"NT","872","Wutunugurra"
null,"Mimili Community Via","Mimili",405,"SA","872","Mimili"
null,"Lot 113, Walungurru Community Via","Kintore",406,"NT","872","Kintore"
null,"Oenpelli Rd","Gunbalanya",407,"NT","822","Gunbalanya"
null,"Lot 221a, Pipalyatjara Community Via","Pipalyatjara",408,"SA","872","Pipalyatjara"
null,"Lot 61, White Gum Drive, Amoonguna Cmty Via","Amoonguna",409,"NT","870","Amoonguna"
null,"Lot 229 Mamarika Street","Umbakumba",410,"NT","822","Umbakumba"
null,"Lot 52, 52 Walawaru Road","Titjikala",411,"NT","872","Titjikala"
null,"Kakadu Employment Centre","Jabiru",412,"NT","886","Jabiru"
null,"Ramingining Road","Ramingining",413,"NT","822","Ramingining"
null,"Spencer Street, Ti Tree Via","Ti Tree",414,"NT","872","Ti Tree"
null,"Barunga Community","Barunga",415,"NT","852","Barunga"
null,"Milingimbi Community","Milingimbi",416,"NT","822","Milingimbi"
null,"Cnr Bourbah & Munnell Sts","Gulargambone",417,"NSW","2828","Gulargambone"
null,"Lot 58, 37 Utju Drive","Areyonga",418,"NT","872","Areyonga"
null,"59 Single Street","Werris Creek",419,"NSW","2341","Werris Creek"
null,"18-26 Jemmeson Street","Lakes Entrance",420,"VIC","3909","Lakes Entrance"
null,"13 Hospital Street","Daylesford",421,"VIC","3460","Daylesford"
null,"31 Woods Street","Donald",422,"VIC","3480","Donald"
null,"49 Elizabeth Street","Edenhope",423,"VIC","3318","Edenhope"
null,"Lot 227,12 Eagle Street","Kaltukatjara",424,"NT","872","Kaltukatjara"
null,"Cnr Genoa Rd & Mattsson St","Mallacoota",425,"VIC","3892","Mallacoota"
null,"47 Nelson Street","Nhill",426,"VIC","3418","Nhill"
null,"103 Dowling Street","Dungog",427,"NSW","2420","Dungog"
null,"134 Lachlan Street","Forbes",428,"NSW","2871","Forbes"
null,"109-111 Sanger Street","Corowa",429,"NSW","2646","Corowa"
null,"10b - 12a Elizabeth Street","Pottsville Beach",430,"NSW","2489","Pottsville Beach"
null,"Walhollow Village Via","Caroona",431,"NSW","2343","Caroona"
null,"40 Balfour Street","Culcairn",432,"NSW","2660","Culcairn"
null,"9 Ocean Drive","South West Rocks",433,"NSW","2431","South West Rocks"
null,"63 Stroud Street","Bulahdelah",434,"NSW","2423","Bulahdelah"
null,"113 Mayne Street","Murrurundi",435,"NSW","2338","Murrurundi"
null,"12 Ross Street","Oberon",436,"NSW","2787","Oberon"
null,"4 Burton Street","Warren",437,"NSW","2824","Warren"
null,"13 Burraway St","Narromine",438,"NSW","2821","Narromine"
null,"9 Irrara Street","Enngonia",439,"NSW","2840","Enngonia"
null,"Tucka Tucka Road","Toomelah - Boggabilla",440,"NSW","2409","Toomelah - Boggabilla"
null,"71 Cullen Street","Nimbin",441,"NSW","2480","Nimbin"
null,"88 Caswell St","Peak Hill",442,"NSW","2869","Peak Hill"
null,"36 Roper Terrace","Mataranka",443,"NT","852","Mataranka"
null,"Pukatja Community Via","Pukatja",444,"SA","872","Pukatja"
null,"Kaltjiti Community Via","Kaltjiti",445,"SA","872","Kaltjiti"
null,"63-65 Scott Street","Warracknabeal",446,"VIC","3393","Warracknabeal"
null,"75 Mc Lachlan St","Apollo Bay",447,"VIC","3233","Apollo Bay"
null,"Lot 58, Ntaria Community","Hermannsburg",448,"NT","872","Hermannsburg"
null,"79 Henty Street","Casterton",449,"VIC","3311","Casterton"
null,"1504-1510 Bass Highway","Grantville",450,"VIC","3984","Grantville"
null,"55 Hospital Street","Heathcote",453,"VIC","3523","Heathcote"
null,"Ikuntji Community Via","Iwantja",454,"SA","872","Iwantja"
null,"43-45 Punt Road","Cobram",455,"VIC","3644","Cobram"
null,"145-147 High Street","Mansfield",456,"VIC","3722","Mansfield"
null,"Lot 86, 2 Wheeler Road","Mt Liebig",457,"NT","872","Mt Liebig"
null,"1 Hargrave Court","Yarrawonga",458,"VIC","3730","Yarrawonga"
null,"11 Yurrkarli Corner","Nyirripi",459,"NT","872","Nyirripi"
null,"21 Shellcot Road","Korumburra",460,"VIC","3950","Korumburra"
null,"2 Michael Place","Leongatha",461,"VIC","3953","Leongatha"
null,"Lot 224, Papunya Via","Papunya",462,"NT","872","Papunya"
null,"11 High Street","Charlton",463,"VIC","3525","Charlton"
null,"39 Hanson Street","Corryong",464,"VIC","3707","Corryong"
null,"21 - 25 Lake Road","Kyabram",465,"VIC","3620","Kyabram"
null,"38a Downey Street","Alexandra",466,"VIC","3714","Alexandra"
null,"1 Rules Rd","Lake Tyers",467,"VIC","3887","Lake Tyers"
null,"164 Inglis Street","Ballan",468,"VIC","3342","Ballan"
null,"13 Princes Highway","Cann River",469,"VIC","3890","Cann River"
null,"14 Main Street","Welshpool",470,"VIC","3966","Welshpool"
null,"24 Wilson Street","Wedderburn",471,"VIC","3518","Wedderburn"
null,"72 Neill Street","Beaufort",472,"VIC","3373","Beaufort"
null,"103 Dunlop St","Mortlake",473,"VIC","3272","Mortlake"
null,"Cnr Station Road & Court Street","Foster",474,"VIC","3960","Foster"
null,"109 Broadway Street","Dunolly",475,"VIC","3472","Dunolly"
null,"2a Pike Street","Camperdown",476,"VIC","3260","Camperdown"
null,"16 Mountjoy Parade","Lorne",477,"VIC","3232","Lorne"
null,"1 Tennis Court Avenue","Mount Beauty",478,"VIC","3699","Mount Beauty"
null,"12a Ramsay Street","Cloncurry",479,"QLD","4824","Cloncurry"
null,"7 Huxley Street","Monto",480,"QLD","4630","Monto"
null,"7 William Street","Gatton",481,"QLD","4343","Gatton"
null,"Lot 20, Urapuntja Office, Arlparra Cmty Via","Arlparra",482,"NT","872","Arlparra"
null,"57 Moreton Street","Eidsvold",483,"QLD","4627","Eidsvold"
null,"5 Bowen Street","Burketown",484,"QLD","4830","Burketown"
null,"2 Potter Street","Doomadgee",485,"QLD","4830","Doomadgee"
null,"31 Barkly Street","Camooweal",486,"QLD","4828","Camooweal"
null,"Lot 7, Warakurna Community","Warakurna",487,"WA","872","Warakurna"
null,"75 Elderslie St","Winton",488,"QLD","4735","Winton"
null,"19 Herbert Street","Boulia",489,"QLD","4829","Boulia"
null,"Matherson Street","Dajarra",490,"QLD","4825","Dajarra"
null,"Shop 2/40 Coondoo Street","Kuranda",491,"QLD","4881","Kuranda"
null,"Ipswich Street","Esk",492,"QLD","4312","Esk"
null,"Lot 76 Fourth St, Warburton Community Via","Warburton",493,"WA","872","Warburton"
null,"Alpurrurulam Community Via","Alpurrurulam",494,"NT","4825","Alpurrurulam"
null,"65 Ash St","Barcaldine",495,"QLD","4725","Barcaldine"
null,"81 shamrock st","Blackall",496,"QLD","4472","Blackall"
null,"113 Munns Drive","Woorabinda",497,"QLD","4713","Woorabinda"
null,"81 Garrick St","Collinsville",498,"QLD","4804","Collinsville"
null,"Lot 1 Church Road","Yam Island",499,"QLD","4875","Yam Island"
null,"Cnr Barneys & Dan Streets","Yorke Island",500,"QLD","4875","Yorke Island"
null,"73A Murilla Street","Miles",501,"QLD","4415","Miles"
null,"Lot 278, Kinjurra Drive, Ali Curung Cmty Via","Ali Curung",502,"NT","872","Ali Curung"
null,"67-71 Middle Street","Chinchilla",503,"QLD","4413","Chinchilla"
null,"49 Day Street","Tara SQ",504,"QLD","4421","Tara SQ"
null,"32 Stansfield St","Hughenden",505,"QLD","4821","Hughenden"
null,"9 Griffin Street","Moranbah",506,"QLD","4744","Moranbah"
null,"2 Peninsular Development Road","Laura",507,"QLD","4892","Laura"
null,"66 Chambers Street","Boigu Island",508,"QLD","4875","Boigu Island"
null,"199 Nona Street","Badu Island",509,"QLD","4875","Badu Island"
null,"Lot 29 Main Street","Dauan Island",510,"QLD","4875","Dauan Island"
null,"1 Main Street","Mapoon",511,"QLD","4874","Mapoon"
null,"9 Lewis St","Elliott",512,"NT","862","Elliott"
null,"Lot 12 Ikilgau Yabu Kubin Community","Kubin",513,"QLD","4875","Kubin"
null,"72 Tumema Street","Seisia",514,"QLD","4876","Seisia"
null,"42 Langhie-Draha Street","New Mapoon",515,"QLD","4876","New Mapoon"
null,"4 Charlie Street","Umagico",516,"QLD","4876","Umagico"
null,"508 Kang Kang Rd","Aurukun",517,"QLD","4892","Aurukun"
null,"29 Taylor Street","Coen",518,"QLD","4892","Coen"
null,"1 Cornes Street","Mount Morgan",519,"QLD","4714","Mount Morgan"
null,"Mutitjulu Community Via","Mutitjulu",520,"NT","872","Mutitjulu"
null,"510 Chapman Road","Kowanyama",521,"QLD","4892","Kowanyama"
null,"92 Charlotte Street","Cooktown",522,"QLD","4895","Cooktown"
null,"Hartwig Street","Wujal Wujal",523,"QLD","4895","Wujal Wujal"
null,"33 - 36 Muni Street","Hope Vale",524,"QLD","4895","Hope Vale"
null,"Wey St","Blackwater",525,"QLD","4717","Blackwater"
null,"69 Hart Street","Blackbutt",526,"QLD","4306","Blackbutt"
null,"35-37 Railway Street","Dirranbandi",527,"QLD","4486","Dirranbandi"
null,"Cnr Mimia & Olandi Streets","Poruma Island",528,"QLD","4875","Poruma Island"
null,"Matthauy Street","Lockhart River",529,"QLD","4892","Lockhart River"
null,"Lot 105 Korka Street","Pormpuraaw",530,"QLD","4892","Pormpuraaw"
null,"Lot 2 Marou Street","Mer Island",531,"QLD","4875","Mer Island"
null,"Medigee Village","Erub Island",532,"QLD","4875","Erub Island"
null,"Lot 52 Ganaia Street","Warraber Island",533,"QLD","4875","Warraber Island"
null,"Lot 156 St Pauls Community","St Pauls",534,"QLD","4875","St Pauls"
null,"62 Burrowes Street","Surat",535,"QLD","4417","Surat"
null,"183 Murray Falls Road","Murray Upper",536,"QLD","4854","Murray Upper"
null,"Tjuwampa Outstation Resource Centre","Tjuwanpa",537,"NT","872","Tjuwanpa"
null,"36 Stockyard Street","Cunnamulla",538,"QLD","4490","Cunnamulla"
null,"53 Albert Street","Inglewood",539,"QLD","4387","Inglewood"
null,"88-90 The Terrace","St George",540,"QLD","4487","St George"
null,"36 Capper Street","Gayndah",541,"QLD","4625","Gayndah"
null,"30-32 Campbell Street","Millmerran",542,"QLD","4357","Millmerran"
null,"Map Street","Mabuiag Island",543,"QLD","4875","Mabuiag Island"
null,"51 Munro St","Babinda",544,"QLD","4861","Babinda"
null,"1 Buchanan Street","Tin Can Bay",545,"QLD","4580","Tin Can Bay"
null,"71 Springs Rd","Agnes Water",546,"QLD","4677","Agnes Water"
null,"13 Mary Street","Laidley",547,"QLD","4341","Laidley"
null,"51 Lyons Street","Mundubbera",548,"QLD","4626","Mundubbera"
null,"47 Edward Street","Biggenden",549,"QLD","4621","Biggenden"
null,"100 East Coast Road","Stradbroke Island",550,"QLD","4183","Stradbroke Island"
null,"26 Bligh Street","Kilkivan",551,"QLD","4600","Kilkivan"
null,"2 Limes St","Clermont",552,"QLD","4721","Clermont"
null,"21 Taylor Street East","Murgon",553,"QLD","4605","Murgon"
null,"207 Back Beach Road","Yarrabah Back Beach",554,"QLD","4871","Yarrabah Back Beach"
null,"Mc Donnell Street","Injinoo",555,"QLD","4876","Injinoo"
null,"16 Charlotte Street","Crows Nest",556,"QLD","4355","Crows Nest"
null,"Lot 26 Main Road","Saibai Island",557,"QLD","4875","Saibai Island"
null,"4 Little High Street","Boonah",558,"QLD","4310","Boonah"
null,"24 Railway Street","Lowood",559,"QLD","4311","Lowood"
null,"Dowling Street","Thargomindah",560,"QLD","4492","Thargomindah"
null,"27 WIlson Street","Timber Creek",561,"NT","852","Timber Creek"
null,"1 Crush Terrace","Waikerie",562,"SA","5330","Waikerie"
null,"63 Farquhar Street","Bordertown",563,"SA","5268","Bordertown"
null,"22 Telegraph Road","Kingscote",564,"SA","5223","Kingscote"
null,"71 Randell Street","Mannum",565,"SA","5238","Mannum"
null,"71 Smith Street","Naracoorte",566,"SA","5271","Naracoorte"
null,"Lot 68b Kiwirrkurra Community","Kiwirrkurra",567,"WA","872","Kiwirrkurra"
null,"57-59 George Street","Millicent",568,"SA","5280","Millicent"
null,"34 Hender Street","Keith",569,"SA","5267","Keith"
null,"Shop 7, 25 Old North Road","Clare",570,"SA","5453","Clare"
null,"209 Main Street","Peterborough",571,"SA","5422","Peterborough"
null,"21 Bay Road","Streaky Bay",572,"SA","5680","Streaky Bay"
null,"Lot 118 Madku Street","Minjilang",573,"NT","822","Minjilang"
null,"Lot 53 Warruwi Community ","Warruwi",574,"NT","822","Warruwi"
null,"Lot 94 Barnbinamirri Street","Gapuwiyak",575,"NT","880","Gapuwiyak"
null,"Cox Peninsular Road","Belyuen",576,"NT","822","Belyuen"
null,"Lot 27 Palumpa Community","Nganmarriyanga",577,"NT","822","Nganmarriyanga"
null,"Kanpi Community","Kanpi",578,"SA","872","Kanpi"
null,"11 Bay Street","Port Broughton",579,"SA","5522","Port Broughton"
null,"65 Parrys Terrace","Point Pearce",580,"SA","5573","Point Pearce"
null,"3 Robert Street","Maitland",581,"SA","5573","Maitland"
null,"13-15 Kali Street","Oak Valley",582,"SA","5690","Oak Valley"
null,"Lot 36 Lungura Drive","Looma",583,"WA","6728","Looma"
null,"Canning Stock Route","Kunawarritji",584,"WA","6753","Kunawarritji"
null,"Christmas Ck-Beefwood Pk Rd","Wangkatjungka",585,"WA","6728","Wangkatjungka"
null,"Yakanarra Community","Yakanarra",586,"WA","6768","Yakanarra"
null,"10 Wallace Street","Balaklava",587,"SA","5461","Balaklava"
null,"27 Main Street","Minlaton",588,"SA","5575","Minlaton"
null,"33 Stansbury Road","Yorketown",589,"SA","5576","Yorketown"
null,"Anangu Services Building","Yalata",590,"SA","5690","Yalata"
null,"30 Balanda Street","Beswick",591,"NT","852","Beswick"
null,"Unit 5, 145 Bussell Highway","Margaret River",592,"WA","6285","Margaret River"
null,"One Arm Point Road","Bardi",593,"WA","6725","Bardi"
null,"Beagle Bay Community","Beagle Bay",594,"WA","6725","Beagle Bay"
null,"Lot 88 Bidyadanga Road","Bidyadanga",595,"WA","6725","Bidyadanga"
null,"Djarindjin Aboriginal Corporation, Lot 1 Angus Street, Djarindjin Community","Djarindjin",596,"WA","6725","Djarindjin"
null,"Woodycupaldiya Community","Woodycupaldiya",597,"NT","822","Woodycupaldiya"
null,"Yungngora Community","Yungngora",598,"WA","6765","Yungngora"
null,"10 Denham Road","Denham",599,"WA","6537","Denham"
null,"Off Tanami Road","Balgo",600,"WA","6770","Balgo"
null,"Mindibungu Community Via","Mindibungu",601,"WA","6770","Mindibungu"
null,"Kalumburu Road","Kalumburu",602,"WA","6740","Kalumburu"
null,"Mulan Community","Mulan",603,"WA","6770","Mulan"
null,"Warmun Council Office, Warmun Community","Warmun",604,"WA","6743","Warmun"
null,"Lot 471 Great Northern Highway","Wyndham",605,"WA","6740","Wyndham"
null,"45 Rose St","Manjimup",606,"WA","6258","Manjimup"
null,"16 Albion Street","Katanning",607,"WA","6317","Katanning"
null,"46-48 Tudhoe Street","Wagin",608,"WA","6315","Wagin"
null,"Yougenup Rd","Gnowangerup",609,"WA","6335","Gnowangerup"
null,"110 Barrack Street","Merredin",610,"WA","6415","Merredin"
null,"13 Clayton Street","Narrogin",611,"WA","6312","Narrogin"
null,"46 Roe Street","Roebourne",612,"WA","6718","Roebourne"
null,"31 Maley St","Exmouth",613,"WA","6707","Exmouth"
null,"150 Hampton Street","Bridgetown",614,"WA","6255","Bridgetown"
null,"Punmu Community","Punmu",615,"WA","6762","Punmu"
null,"2 Strickland Street","Denmark",616,"WA","6333","Denmark"
null,"117 Gingin Road","Lancelin",617,"WA","6044","Lancelin"
null,"5/11 Dandaragan St","Moora",618,"WA","6510","Moora"
null,"Mugarinya Community","Yandeyarra",619,"WA","6760","Yandeyarra"
null,"Parngurr Cotton Creek Community","Parnngurr",620,"WA","6753","Parnngurr"
null,"81 Roberts Street","Norseman",621,"WA","6443","Norseman"
null,"11 Moreton Terrace","Dongara",622,"WA","6525","Dongara"
null,"67 Bashford Street","Jurien Bay",623,"WA","6516","Jurien Bay"
null,"Lot 535 Hackney Street","Kalbarri",624,"WA","6536","Kalbarri"
null,"51-55 Wotton Street","Wiluna",625,"WA","6646","Wiluna"
null,"31 Jose Street","Mullewa",626,"WA","6630","Mullewa"
null,"Lot 2, Stadium Road","Tom Price",627,"WA","6751","Tom Price"
null,"24 Gibbons Street","Yalgoo",628,"WA","6635","Yalgoo"
null,"1 Lowood Road","Mount Barker",629,"WA","6324","Mount Barker"
null,"Tjuntunjara Community","Tjuntjuntjara",630,"WA","6430","Tjuntjuntjara"
null,"1 Ashburton Avenue","Paraburdoo",631,"WA","6754","Paraburdoo"
null,"Lot 11 Francis Street","Marble Bar",632,"WA","6760","Marble Bar"
null,"13a Yilka Drive/Great Central Road","Cosmo Newberry",633,"WA","6440","Cosmo Newberry"
null,"154-158 Forrest St","Collie",634,"WA","6225","Collie"
null,"71 Hepburn Street","Mount Magnet",635,"WA","6638","Mount Magnet"
null,"Lot 1, Mantamaru Community Via","Mantamaru",636,"WA","872","Mantamaru"
null,"39 Gallop Road","Nullagine",637,"WA","6758","Nullagine"
null,"Gibb River Road","Imintji",638,"WA","6728","Imintji"
null,"Walsh St","Menzies",639,"WA","6436","Menzies"
null,"78 Tower Street","Leonora",640,"WA","6438","Leonora"
null,"72 Austin st","Cue",641,"WA","6640","Cue"
null,"Jigalong Community","Jigalong",642,"WA","6753","Jigalong"
null,"453a Beadon Creek Road","Onslow",643,"WA","6710","Onslow"
null,"20 Bannister Road","Boddington",644,"WA","6390","Boddington"
null,"Gulin Gulin Council Office","Bulman",645,"NT","852","Bulman"
null,"8 Emu Bay Road","Deloraine",646,"TAS","7304","Deloraine"
null,"17 Vicary Street","Triabunna",647,"TAS","7190","Triabunna"
null,"Lot 3 Main Street Ampilawatja Community Via","Ampilatwatja",648,"NT","872","Ampilatwatja"
null,"69889 Huon Highway","Dover",649,"TAS","7117","Dover"
null,"64 High Street","Sheffield",650,"TAS","7306","Sheffield"
null,"27 Belstead Street","Zeehan",651,"TAS","7469","Zeehan"
null,"1614 Nubeena Rd","Nubeena",652,"TAS","7184","Nubeena"
null,"134 Nelson Street","Smithton",653,"TAS","7330","Smithton"
null,"12 Elizabeth Street","George Town",654,"TAS","7253","George Town"
null,"14 Bathurst St","New Norfolk",655,"TAS","7140","New Norfolk"
null,"51 King Street","Scottsdale",656,"TAS","7260","Scottsdale"
null,"8 Agnes Street","Rosebery",657,"TAS","7470","Rosebery"
null,"Lot 97, Buntine Highway, Kalkarindji","Kalkarindji",658,"NT","852","Kalkarindji"
null,"Lot 76, 12 Ayerrer Street","Laramba",659,"NT","870","Laramba"
null,"85 Napier Street","St Arnaud",660,"VIC","3478","St Arnaud"
null,"1/29 Hyde Street","Bellingen",661,"NSW","2454","Bellingen"
null,"95 Court Street","Balranald",662,"NSW","2715","Balranald"
null,"Murray Road","Christmas Island",663,"WA","6798","Christmas Island"
null,"65 Templeton Street","Castlemaine",664,"VIC","3450","Castlemaine"
null,"Jalan Bunga Mawar","Cocos Islands",665,"WA","6799","Cocos Islands"
null,"56 Church Street","Cowes",666,"VIC","3922","Cowes"
null,"51 Sturt Place","Dareton",667,"NSW","2717","Dareton"
null,"36 Kennedy Street","Euroa",668,"VIC","3666","Euroa"
null,"3 Scoresby Street","Kerang",669,"VIC","3579","Kerang"
null,"47 High Street","Kyneton",670,"VIC","3444","Kyneton"
null,"21 Ruskin Street","Orbost",672,"VIC","3888","Orbost"
null,"9-13 Driffield Street","Queenstown",673,"TAS","7467","Queenstown"
null,"68-72 Herbert Street","Robinvale",674,"VIC","3549","Robinvale"
null,"65 Cecilia Street","St Helens",675,"TAS","7216","St Helens"
null,"54 Bryant St","Tully",676,"QLD","4854","Tully"
null,"Walhollow Village","Childers",677,"QLD","4660","Childers"
null,"39 Mulgrave St","Gin Gin",678,"QLD","4671","Gin Gin"
null,"West Street","Beaconsfield",679,"TAS","7270","Beaconsfield"
null,"56-58 Gregory Street","Roma",680,"QLD","4455","Roma"
null,"10 Opal Street","Lightning Ridge",681,"NSW","2834","Lightning Ridge"
null,"90 Yass Street","Gunning",682,"NSW","2581","Gunning"
null,"Cnr Bunga & Young Streets","Bermagui",683,"NSW","2546","Bermagui"
null,"East Street","Harden",684,"NSW","2587","Harden"
null,"161-163 Jacobs Drive","Sussex Inlet",685,"NSW","2540","Sussex Inlet"
null,"175 High Street","Hillston",686,"NSW","2675","Hillston"
null,"4/49 Lampe Street","Talbingo",687,"NSW","2720","Talbingo"
null,"Shop 1, 204 Kerry Street","Sanctuary Point",688,"NSW","2540","Sanctuary Point"
null,"66 Bombala Street","Delegate",689,"NSW","2633","Delegate"
null,"90 Ford Street","Ganmain",690,"NSW","2702","Ganmain"
null,"Lot 13 Columbus Street","Ivanhoe",691,"NSW","2878","Ivanhoe"
null,"108 Yapunyah Street","Barellan",692,"NSW","2665","Barellan"
null,"154 Wallace Street","Braidwood",693,"NSW","2622","Braidwood"
null,"141 Maybe Street","Bombala",694,"NSW","2632","Bombala"
null,"92 Main St","Grenfell",695,"NSW","2810","Grenfell"
null,"6-8 Market St","Boorowa",696,"NSW","2586","Boorowa"
null,"Pioneer Street","Batlow",697,"NSW","2730","Batlow"
null,"Plenty Highway Via","Macdonald Downs Store",698,"NT","872","Macdonald Downs Store"
null,"10 Deniliquin Street","Tocumwal",699,"NSW","2714","Tocumwal"
null,"Shop 6, 559 Freemans Drive","Cooranbong",700,"NSW","2265","Cooranbong"
null,"Lot 1028 Umbrawarra Road, Kybrook Farm Community Office","Kybrook Farm",701,"NT","847","Kybrook Farm"
null,"Victoria Hwy","Binjari",702,"NT","852","Binjari"
null,"1 Hinkler Street","Tullamore",703,"NSW","2874","Tullamore"
null,"60 Dangar Street","Pilliga",704,"NSW","2388","Pilliga"
null,"68 Bolaro Street","Dunedoo",705,"NSW","2844","Dunedoo"
null,"22 Tarkarri Road","Batchelor",706,"NT","845","Batchelor"
null,"Neutral Junction Station Store via","Tara NA",707,"NT","872","Tara NA"
null,"Urapunga Community Store Urapunga Community ","Rittarangu",708,"NT","852","Rittarangu"
null,"15 Len Kittle Drive","Apmere Mwerre",709,"NT","870","Apmere Mwerre"
null,"Lot 13, Second St, Tjirrkarli Community Via","Tjirrkarli",710,"WA","872","Tjirrkarli"
null,"Murray Downs Station via","Murray Downs Station",711,"NT","872","Murray Downs Station"
null,"Stirling Station Store via","Wilora",712,"NT","872","Wilora"
null,"Lot 28, Tjukurla Community Via","Tjukurla",713,"WA","872","Tjukurla"
null,"Milyakburra Community","Milyakburra",714,"NT","822","Milyakburra"
null,"Lot 36 Manyallaluk Community","Manyallaluk",715,"NT","852","Manyallaluk"
null,"Corner Keraro Road & Johnston Street","White Cliffs",716,"NSW","2836","White Cliffs"
null,"45 Broad Street","Eugowra",717,"NSW","2806","Eugowra"
null,"Cnr Forbes And Obley Street","Yeoval",718,"NSW","2868","Yeoval"
null,"84 Greenham Street","Dartmoor",719,"VIC","3304","Dartmoor"
null,"30-32 William Street","Urana",720,"NSW","2645","Urana"
null,"121 Richmond Terrace","Coraki",721,"NSW","2471","Coraki"
null,"30 Angus Street","Kandos",722,"NSW","2848","Kandos"
null,"30-32 Bendemeer St","Bundarra",723,"NSW","2359","Bundarra"
null,"23 Moama Street","Mathoura",724,"NSW","2710","Mathoura"
null,"36 Main St","Comboyne",725,"NSW","2429","Comboyne"
null,"14a Jubullum Street","Tabulam",726,"NSW","2469","Tabulam"
null,"Tarcoola Street","Pooncarie",727,"NSW","2648","Pooncarie"
null,"19 Comboyne Street","Kendall",728,"NSW","2439","Kendall"
null,"Main Street","Wallerawang",729,"NSW","2845","Wallerawang"
null,"42 Vennacher Street","Merriwa",730,"NSW","2329","Merriwa"
null,"39 High St","Bowraville",731,"NSW","2449","Bowraville"
null,"16 Laurie Street","Laurieton",732,"NSW","2443","Laurieton"
null,"69 Umang Street","Tottenham",733,"NSW","2873","Tottenham"
null,"1 Silver City Hwy","Tibooburra",734,"NSW","2880","Tibooburra"
null,"50 River Street","Maclean",735,"NSW","2463","Maclean"
null,"94 Herbert Street","Gulgong",736,"NSW","2852","Gulgong"
null,"4 Howe Street","Finley",737,"NSW","2713","Finley"
null,"20 Green Street","Portland",738,"NSW","2847","Portland"
null,"7 Opal Street","Tingha",739,"NSW","2369","Tingha"
null,"116 Prince Street","Clarence Town",740,"NSW","2321","Clarence Town"
null,"13-15 Wellington Street","Baradine",741,"NSW","2396","Baradine"
null,"Lot 9 Bruxner Highway","Drake",742,"NSW","2469","Drake"
null,"66-68 High Street","Terang",743,"VIC","3264","Terang"
null,"2463 Warburton Highway","Yarra Junction",744,"VIC","3797","Yarra Junction"
null,"Red Gum Store","Red Gum Store",745,"NT","872","Red Gum Store"
null,"43-45 unit 5/8  Kelly street","Pyramid Hill",746,"VIC","3575","Pyramid Hill"
null,"1/31 Wattle Street","Manangatang",747,"VIC","3546","Manangatang"
null,"6 Gap Road","Alice Springs Hospital",748,"NT","870","Alice Springs Hospital"
null,"44 Blake Street","Nathalia",749,"VIC","3638","Nathalia"
null,"26 Ford Street","Beechworth",750,"VIC","3747","Beechworth"
null,"42 Bentinck Street","Wallan",751,"VIC","3756","Wallan"
null,"88 Ridgway","Mirboo North",752,"VIC","3871","Mirboo North"
null,"67-69 Chanter Street","Berrigan",753,"NSW","2712","Berrigan"
null,"119-121 Godfrey Street","Boort",754,"VIC","3537","Boort"
null,"84 Main Street","Willaura",755,"VIC","3379","Willaura"
null,"67 High Street","Rushworth",756,"VIC","3612","Rushworth"
null,"2110 Glenelg Highway","Lake Bolac",757,"VIC","3351","Lake Bolac"
null,"65 Main Street","Birregurra",758,"VIC","3242","Birregurra"
null,"7 Westernport Road","Lang Lang",759,"VIC","3984","Lang Lang"
null,"28 Main Street","Derrinallum",760,"VIC","3325","Derrinallum"
null,"19 Whittlesea-Kinglake Rd","Kinglake",761,"VIC","3763","Kinglake"
null,"100 Best Street","Sea Lake",762,"VIC","3533","Sea Lake"
null,"75 Lascelles Street","Hopetoun WV",763,"VIC","3396","Hopetoun WV"
null,"65 Main Street","Beeac",764,"VIC","3251","Beeac"
null,"8 Guthrie Street","Quambatook",765,"VIC","3540","Quambatook"
null,"32 Smith St","Myrtleford",766,"VIC","3737","Myrtleford"
null,"Cnr King Albert & King George Streets","Leitchville",767,"VIC","3567","Leitchville"
null,"25 Birdwood Avenue","Stanhope",768,"VIC","3623","Stanhope"
null,"122 High Street","Avoca",769,"VIC","3467","Avoca"
null,"28 Britt Street","Ouyen",770,"VIC","3490","Ouyen"
null,"24-26 Memorial Drive","Glenthompson",771,"VIC","3293","Glenthompson"
null,"2-6 Dillon Street","Ultima",772,"VIC","3544","Ultima"
null,"77 Phillips Street","Beulah",773,"VIC","3395","Beulah"
null,"Cummerangunja","Cummeragunja",774,"VIC","3639","Cummeragunja"
null,"5 George Street","Heyfield",775,"VIC","3858","Heyfield"
null,"45 Lyons Street","Newstead",776,"VIC","3462","Newstead"
null,"280 Broadway","Wycheproof",777,"VIC","3527","Wycheproof"
null,"50 Brolga Street","Quilpie",778,"QLD","4480","Quilpie"
null,"3 Bolton Street","Ravenshoe",779,"QLD","4888","Ravenshoe"
null,"13 Herbert Street","Bedourie",780,"QLD","4829","Bedourie"
null,"2018 Tully-Mission Beach Road","Mission Beach",781,"QLD","4852","Mission Beach"
null,"Cnr Hutton & Margaret Streets - Urandangi","Urandangi",782,"QLD","4825","Urandangi"
null,"76 Goldring Street","Richmond",783,"QLD","4822","Richmond"
null,"14 Burke St","Julia Creek",784,"QLD","4823","Julia Creek"
null,"6-10 Mowbray Street","Port Douglas",785,"QLD","4877","Port Douglas"
null,"58 Gordon Street","Aramac",786,"QLD","4726","Aramac"
null,"52 Palm Dve","Bohlevale",787,"QLD","4818","Bohlevale"
null,"10 Raleigh Street","Dimbulah",788,"QLD","4872","Dimbulah"
null,"8 Darwin St","Jericho",789,"QLD","4728","Jericho"
null,"2 Acacia Drive","Greenvale",790,"QLD","4816","Greenvale"
null,"65 Broad Street","Sarina",791,"QLD","4737","Sarina"
null,"Cnr Mary Street and Dublin Street","Mitchell",792,"QLD","4465","Mitchell"
null,"19-25 Queen Street","Chillagoe",793,"QLD","4871","Chillagoe"
null,"27 English Street","Malanda",794,"QLD","4885","Malanda"
null,"14 Carey Street","Giru",795,"QLD","4809","Giru"
null,"58 Eighth Ave","Home Hill",796,"QLD","4806","Home Hill"
null,"78 Victoria Street","Silkwood",797,"QLD","4856","Silkwood"
null,"40 High Street","Texas",798,"QLD","4385","Texas"
null,"72-74 Gordon Street","Gordonvale",799,"QLD","4865","Gordonvale"
null,"Cnr Wyndham & Hayes Avenue","Boyne Island",800,"QLD","4680","Boyne Island"
null,"4 Balliol Street","Cardwell",801,"QLD","4849","Cardwell"
null,"20 Low Street","Georgetown",802,"QLD","4871","Georgetown"
null,"24 Arthur Street","Tambo",803,"QLD","4478","Tambo"
null,"1 Memorial Ave","Pomona",804,"QLD","4568","Pomona"
null,"29 Burt Street","Birdsville",805,"QLD","4482","Birdsville"
null,"Shop 3/49 Grace Street","Herberton",806,"QLD","4887","Herberton"
null,"Shop 2/39 Young Street","Moura",807,"QLD","4718","Moura"
null,"92 The Boulevard","Theodore",808,"QLD","4719","Theodore"
null,"21 Main Street","Millaa Millaa",809,"QLD","4886","Millaa Millaa"
null,"47 Raglan Street","Mount Larcom",810,"QLD","4695","Mount Larcom"
null,"Lot 1 Randall Street","Stephens Island",811,"QLD","4875","Stephens Island"
null,"Shop 14 Glenden Town Centre","Glenden",812,"QLD","4743","Glenden"
null,"Kennedy Highway","Mount Garnet",813,"QLD","4872","Mount Garnet"
null,"62 Albert Street","Morven",814,"QLD","4468","Morven"
null,"10 Yaldwyn Street","Taroom",815,"QLD","4420","Taroom"
null,"44 Community Crescent","Rollingstone",816,"QLD","4816","Rollingstone"
null,"98 Main Street","Augathella",817,"QLD","4477","Augathella"
null,"Cnr Cross St And West Tce","Kimba",818,"SA","5641","Kimba"
null,"76 Railway Terrace North","Lameroo",819,"SA","5302","Lameroo"
null,"19 Railway Terrace South","Pinnaroo",820,"SA","5304","Pinnaroo"
null,"31 Railway Tce","Karoonda",821,"SA","5307","Karoonda"
null,"Ramsey Building, 44 Eyre Highway","Wudinna",822,"SA","5652","Wudinna"
null,"Mundy Terrace","Robe",823,"SA","5276","Robe"
null,"1 Hanson Street","Kingston SE",824,"SA","5275","Kingston SE"
null,"Cnr 4th & 8th Street","Morgan",825,"SA","5320","Morgan"
null,"Musgrave Avenue","Lucindale",826,"SA","5272","Lucindale"
null,"8 Bruce Street","Eudunda",827,"SA","5374","Eudunda"
null,"Arkaroola Road, Nepabunna Via","Nepabunna",828,"SA","5732","Nepabunna"
null,"7 Commercial Street","Robertstown",829,"SA","5381","Robertstown"
null,"82 Princes Highway","Meningie",830,"SA","5264","Meningie"
null,"24 Tutop St","Roxby Downs",831,"SA","5725","Roxby Downs"
null,"6 Memorial Drive","Elliston",832,"SA","5670","Elliston"
null,"7 Charles Street","Port Macdonnell",833,"SA","5291","Port Macdonnell"
null,"Ikartuka Terrace","Dunjiba",834,"SA","5734","Dunjiba"
null,"Shop 2, 48 Main Road","Normanville",835,"SA","5204","Normanville"
null,"15 Drabsch Street","Loxton",836,"SA","5333","Loxton"
null,"Gibb River Road","Mowanjum",837,"WA","6728","Mowanjum"
null,"Kadjina Community via Fitzroy Crossing","Kadjina",838,"WA","6765","Kadjina"
null,"Lot 5700 Railway Terrace","Wyalkatchem",839,"WA","6485","Wyalkatchem"
null,"89 Avon Terrace","York",840,"WA","6302","York"
null,"Great Northern Highway","Pandanus Park",841,"WA","6728","Pandanus Park"
null,"3 Shaw Street","Blanchetown",842,"SA","5357","Blanchetown"
null,"10 Main Street","Cleve",843,"SA","5640","Cleve"
null,"Lot 268 Main St","Mintabie",844,"SA","5724","Mintabie"
null,"Town Centre, Leigh Creek","Leigh Creek",845,"SA","5731","Leigh Creek"
null,"2 Foster Street","Beachport",846,"SA","5280","Beachport"
null,"2 Burgoyne Street","Koonibba",847,"SA","5690","Koonibba"
null,"Jaekel Street","Ongerup",848,"WA","6336","Ongerup"
null,"Dunn Street","Ravensthorpe",849,"WA","6346","Ravensthorpe"
null,"89 Robinson Road","Brookton",850,"WA","6306","Brookton"
null,"Canopus Street","Southern Cross",851,"WA","6426","Southern Cross"
null,"34 Norrish Street","Tambellup",852,"WA","6320","Tambellup"
null,"111 Stirling Terrace","Toodyay",853,"WA","6566","Toodyay"
null,"Wagait Beach Via","Wagait Beach",854,"NT","801","Wagait Beach"
null,"Gibb River Road","Kupungarri",855,"WA","6728","Kupungarri"
null,"Latham Avenue","Walpole",856,"WA","6398","Walpole"
null,"18 Watts Street","Wandering",857,"WA","6308","Wandering"
null,"10 Henning Street","Waroona",858,"WA","6215","Waroona"
null,"27-29 Burrows Street","West Arthur",859,"WA","6392","West Arthur"
null,"5 Brooking Street","Williams",860,"WA","6391","Williams"
null,"Lot 1 Wongan Road","Wongan Hills",861,"WA","6603","Wongan Hills"
null,"2 Burston Street","Pingrup",862,"WA","6343","Pingrup"
null,"Fowler Street","Perenjori",863,"WA","6620","Perenjori"
null,"1 Parker Street","Quairading",864,"WA","6383","Quairading"
null,"66 Allnutt Terrace","Augusta",865,"WA","6290","Augusta"
null,"11 Rowlands Street","Beacon",866,"WA","6472","Beacon"
null,"132 Vincent St","Beverley",867,"WA","6304","Beverley"
null,"86 Abel Street","Boyup Brook",868,"WA","6244","Boyup Brook"
null,"Mary Street","Bremer Bay",869,"WA","6338","Bremer Bay"
null,"75 Bayley Street","Coolgardie",870,"WA","6429","Coolgardie"
null,"4 Campbell Street","Corrigin",871,"WA","6375","Corrigin"
null,"57 Main Street","Cunderdin",872,"WA","6407","Cunderdin"
null,"53 Johnston St","Dalwallinu",873,"WA","6609","Dalwallinu"
null,"13 Stewart Street","Dowerin",874,"WA","6461","Dowerin"
null,"55 Wingebellup Rd","Frankland",875,"WA","6396","Frankland"
null,"51-53 Railway Terrace","Goomalling",876,"WA","6460","Goomalling"
null,"46 Blackwood Road","Greenbushes",877,"WA","6254","Greenbushes"
null,"Veal Street","Hopetoun WA",878,"WA","6348","Hopetoun WA"
null,"40 Naughton St","Hyden",879,"WA","6359","Hyden"
null,"8-10 Tobruk St","Jerramungup",880,"WA","6337","Jerramungup"
null,"67 Roche Street","Kalannie",881,"WA","6468","Kalannie"
null,"109 Albany Hwy","Kojonup",882,"WA","6395","Kojonup"
null,"3 Gordon Street","Kondinin",883,"WA","6367","Kondinin"
null,"41 Railway Street","Koorda",884,"WA","6475","Koorda"
null,"38 Johnston St","Kulin",885,"WA","6365","Kulin"
null,"Absolon Street","Lake Grace",886,"WA","6353","Lake Grace"
null,"2 Spencer Street","Leeman",887,"WA","6514","Leeman"
null,"50 Midlands Road","Mingenew",888,"WA","6522","Mingenew"
null,"46 Winfield Street","Morawa",889,"WA","6623","Morawa"
null,"8 White Street","Mukinbudin",890,"WA","6479","Mukinbudin"
null,"10 Warren Road","Nannup",891,"WA","6275","Nannup"
null,"15 Longhurst St","Narembeen",892,"WA","6369","Narembeen"
null,"29 Brockman St","Pemberton",893,"WA","6260","Pemberton"
null,"4 Scott Street","Gascoyne Junction",894,"WA","6705","Gascoyne Junction"
null,"Lot 1, Patjarr Community Via","Patjarr",895,"WA","872","Patjarr"
null,"Collier Street","Newdegate",896,"WA","6355","Newdegate"
null,"Muirillup Road","Northcliffe",897,"WA","6262","Northcliffe"
null,"31 Robinson Street","Northampton",898,"WA","6535","Northampton"
null,"1a Lily King Place","Gingin",899,"WA","6503","Gingin"
null,"12 Sydney Street","Kilmore",900,"VIC","3764","Kilmore"
null,"2-6 Barnes Drive","Kambalda",901,"WA","6442","Kambalda"
null,"5 Gibbs Street","Harvey",902,"WA","6220","Harvey"
null,"Via Great Northern Highway","Frog Hollow",903,"WA","6743","Frog Hollow"
null,"Cnr Main & Bristol Streets","Coorow",904,"WA","6515","Coorow"
null,"94 Massingham Street","Kellerberrin",905,"WA","6410","Kellerberrin"
null,"Old Station Masters House 60 South Western Hw","Donnybrook",906,"WA","6239","Donnybrook"
null,"16 West Street","Lady Barron",907,"TAS","3532","Lady Barron"
null,"75 High Street","Campbell Town",908,"TAS","7210","Campbell Town"
null,"1 Esplanade","Cape Barren",909,"TAS","7257","Cape Barren"
null,"2/1 Victoria Street","Swansea",910,"TAS","7190","Swansea"
null,"Cnr Southsea Terrace & High Central Road","Macleay Island",911,"QLD","4184","Macleay Island"
null,"2 Lagoon Road","Whitemark",912,"TAS","7255","Whitemark"
null,"15 George St","Currie",913,"TAS","7256","Currie"
null,"Kerinaiua Highway","Wurankuwu",914,"NT","822","Wurankuwu"
null,"Victoria Highway","Bulla",915,"NT","852","Bulla"
null,"38 Charles St","Iluka",916,"NSW","2466","Iluka"
null,"123 Moingun Road","Napranum",917,"QLD","4874","Napranum"
null,"Plenty River","Bonya",918,"NT","872","Bonya"
null,"Eyre Highway","Scotdesco",919,"SA","5690","Scotdesco"
