{"organisation":"AU_Govt_DHS","name":"au_govt_centrelink_offices_2019","title":"Department of Human Services Centrelink Office Locations (Point) 2019","legal":{"copyrightYear":"2019","attributionYear":"2019","attribution":"{datasource.organisationTitle}, ({dataset.attributionYear}): {dataset.title}; accessed from AURIN on {dateOfAccess}.","clickthrough":false,"licenceType":"Creative Commons Attribution 3.0 Australia (CC BY 3.0 AU)","copyrightNotice":"&copy; {datasource.organisationTitle} {dataset.copyrightYear}"},"referenceSystemIdentifier":"urn:x-ogc:def:crs:EPSG:4283","geoLevel":"NA","key":"ogc_fid","keyRegex":null,"availability":"true","geomField":"wkb_geometry","keyword":"centrelink,office,government,dhs,Australia","theme":null,"temporalExtent":{"beginDate":"2019-01-09T00:00:00","endDate":"2019-01-09T00:00:00","selectTime":false},"type":"dataset","_id":"dataset-AU_Govt_DHS-au_govt_centrelink_offices_2019-NA","bbox":null,"abstract":"This dataset describes the locations of Centrelink offices across Australia and is current as of 9 January 2019. Each office is also described according to their name, full address and opening hours (if available). The Department of Human Services is responsible for the development of service delivery policy and provides access to social, health and other payments and services through a range of services such as Centrelink. <br/><br/>\n\nFor more information please visit the <a href=\"https://data.gov.au/dataset/ds-dga-70c2b2fe-2a32-450e-98dc-453fe4a02aae/details?q=centrelink\" target=\"_blank\">Open Government Data Portal</a>.\n\n<br/><br/>\nPlease Note:\n<ul>\n<li>AURIN has spatially enabled the original data.</li>\n</ul>","selectedAttributes":[{"name":"ogc_fid","type":"Integer","title":"Unique Identifier","description":"Unique Identifier.","isDimension":false},{"name":"wkb_geometry","type":"Geometry","title":"Geometry","description":"Geometry.","isDimension":false},{"name":"suburb","type":"String","title":"Suburb","description":"Suburb in which office is located.","stype":"nominal","isDimension":false},{"name":"state","type":"String","title":"State","description":"State in which office is located.","stype":"nominal","isDimension":false},{"name":"site_name","type":"String","title":"Site Name","description":"Site Name.","isDimension":false},{"name":"postcode","type":"String","title":"Postcode","description":"Postcode of office location.","stype":"nominal","isDimension":false},{"name":"open","type":"String","title":"Opening Time","description":"Opening time of office (if available).","stype":"nominal","isDimension":false},{"name":"address","type":"String","title":"Address","description":"Street address of office location.","stype":"nominal","isDimension":false}],"filter":{"filterType":"tabular","spatial":{"bbox":[96.816765696,-43.740509603,159.109219008,-9.142175977]},"states":[]}}